{"cameraMode":{"drawMode":0,"name":"Shaded","section":"Shading Mode"},"sceneLighting":true,"audioPlay":false,"sceneViewState":{"m_AlwaysRefresh":false,"showFog":true,"showSkybox":true,"showFlares":true,"showImageEffects":true,"showParticleSystems":true,"showVisualEffectGraphs":true,"m_FxEnabled":true},"in2DMode":false,"pivot":{"x":-20.596202850341798,"y":14.450529098510743,"z":-16.236705780029298},"rotation":{"x":-0.009239718317985535,"y":-0.12209174782037735,"z":0.0011368017876520753,"w":-0.9924741983413696},"size":13.059076309204102,"orthographic":false}