{"cameraMode":{"drawMode":0,"name":"Shaded","section":"Shading Mode"},"sceneLighting":false,"audioPlay":false,"sceneViewState":{"m_AlwaysRefresh":false,"showFog":true,"showSkybox":false,"showFlares":true,"showImageEffects":true,"showParticleSystems":true,"showVisualEffectGraphs":true,"m_FxEnabled":true},"in2DMode":false,"pivot":{"x":-0.485248863697052,"y":1.0314650535583497,"z":0.3106040060520172},"rotation":{"x":0.06620119512081146,"y":-0.7859132289886475,"z":0.08545593172311783,"w":0.6088240146636963},"size":0.9623342156410217,"orthographic":false}