{"cameraMode":{"drawMode":0,"name":"Shaded","section":"Shading Mode"},"sceneLighting":false,"audioPlay":false,"sceneViewState":{"m_AlwaysRefresh":false,"showFog":true,"showSkybox":false,"showFlares":true,"showImageEffects":true,"showParticleSystems":true,"showVisualEffectGraphs":true,"m_FxEnabled":true},"in2DMode":false,"pivot":{"x":14.52128791809082,"y":9.142784118652344,"z":133.326904296875},"rotation":{"x":-0.009239718317985535,"y":-0.12209174782037735,"z":0.0011368017876520753,"w":-0.9924741983413696},"size":1.5262548923492432,"orthographic":false}