{"cameraMode":{"drawMode":0,"name":"Shaded","section":"Shading Mode"},"sceneLighting":true,"audioPlay":false,"sceneViewState":{"m_AlwaysRefresh":false,"showFog":true,"showSkybox":true,"showFlares":true,"showImageEffects":true,"showParticleSystems":true,"showVisualEffectGraphs":true,"m_FxEnabled":true},"in2DMode":false,"pivot":{"x":-2.537041664123535,"y":1.7970017194747925,"z":1.9236476421356202},"rotation":{"x":-0.034101154655218127,"y":-0.8888646364212036,"z":0.06706663221120835,"w":-0.45195314288139346},"size":0.4903770983219147,"orthographic":false}