{"cameraMode":{"drawMode":0,"name":"Shaded","section":"Shading Mode"},"sceneLighting":false,"audioPlay":false,"sceneViewState":{"m_AlwaysRefresh":false,"showFog":true,"showSkybox":false,"showFlares":true,"showImageEffects":true,"showParticleSystems":true,"showVisualEffectGraphs":true,"m_FxEnabled":true},"in2DMode":false,"pivot":{"x":0.7629706859588623,"y":0.6950994729995728,"z":-0.22277796268463136},"rotation":{"x":-0.021328184753656389,"y":-0.624197781085968,"z":0.01705090142786503,"w":-0.7807885408401489},"size":2.5380334854125978,"orthographic":false}