{"cameraMode":{"drawMode":0,"name":"Shaded","section":"Shading Mode"},"sceneLighting":false,"audioPlay":false,"sceneViewState":{"m_AlwaysRefresh":false,"showFog":true,"showSkybox":false,"showFlares":true,"showImageEffects":true,"showParticleSystems":true,"showVisualEffectGraphs":true,"m_FxEnabled":true},"in2DMode":false,"pivot":{"x":-0.40872621536254885,"y":1.4157204627990723,"z":-0.8843436241149902},"rotation":{"x":0.08067671954631806,"y":-0.8448061347007752,"z":0.1331370621919632,"w":0.5119200348854065},"size":6.461109161376953,"orthographic":false}